n,Training Step,In-Domain Loss,In-Domain Accuracy,In-Domain Runtime (s),Out-of-Domain Loss,Out-of-Domain Accuracy,Out-of-Domain Runtime (s),Epochs,Total Time (s)
2,3000,0.69365,0.56318,2.1957,0.71326,0.50243,228.0586,40,
2,3000,0.68994,0.57401,2.1062,0.70583,0.49113,228.816,40,
2,3000,0.68994,0.57401,2.1108,0.70583,0.49113,227.9526,40,5186.8
32,3000,0.68987,0.57762,2.1252,0.7056,0.49153,227.9549,40,
32,3000,0.68987,0.57762,2.1378,0.7056,0.49153,227.9098,40,
128,3000,0.6896,0.57401,2.0918,0.70545,0.49107,227.936,40,
128,3000,0.6896,0.57401,2.1035,0.70545,0.49107,227.8827,40,5170.45
